{
  "GET  /characters " : {
    "transaction" : "GET  /characters ",
    "sampleCount" : 44585,
    "errorCount" : 3955,
    "errorPct" : 8.870696,
    "meanResTime" : 1487.7265223729862,
    "medianResTime" : 154.0,
    "minResTime" : 2.0,
    "maxResTime" : 29041.0,
    "pct1ResTime" : 500.0,
    "pct2ResTime" : 607.0,
    "pct3ResTime" : 709.0,
    "throughput" : 732.8358454280971,
    "receivedKBytesPerSec" : 241217.23328554668,
    "sentKBytesPerSec" : 103.98725272851296
  },
  "delete/character/id" : {
    "transaction" : "delete/character/id",
    "sampleCount" : 40661,
    "errorCount" : 83,
    "errorPct" : 0.2041268,
    "meanResTime" : 120.48464130247673,
    "medianResTime" : 150.0,
    "minResTime" : 1.0,
    "maxResTime" : 349.0,
    "pct1ResTime" : 182.0,
    "pct2ResTime" : 198.0,
    "pct3ResTime" : 246.9900000000016,
    "throughput" : 669.2948380300237,
    "receivedKBytesPerSec" : 191.4805306049595,
    "sentKBytesPerSec" : 151.64378268925302
  },
  "GET  /characters /id" : {
    "transaction" : "GET  /characters /id",
    "sampleCount" : 44248,
    "errorCount" : 3447,
    "errorPct" : 7.7901826,
    "meanResTime" : 1347.6408877237368,
    "medianResTime" : 158.0,
    "minResTime" : 1.0,
    "maxResTime" : 29176.0,
    "pct1ResTime" : 15577.0,
    "pct2ResTime" : 15581.0,
    "pct3ResTime" : 15606.0,
    "throughput" : 728.3741296153023,
    "receivedKBytesPerSec" : 319.61635621059605,
    "sentKBytesPerSec" : 106.55234229678678
  },
  "Total" : {
    "transaction" : "Total",
    "sampleCount" : 217989,
    "errorCount" : 14496,
    "errorPct" : 6.6498766,
    "meanResTime" : 1103.8263765602987,
    "medianResTime" : 171.0,
    "minResTime" : 1.0,
    "maxResTime" : 32452.0,
    "pct1ResTime" : 11815.900000000001,
    "pct2ResTime" : 13661.0,
    "pct3ResTime" : 15577.0,
    "throughput" : 3475.589923469388,
    "receivedKBytesPerSec" : 234992.0909336635,
    "sentKBytesPerSec" : 652.3756688954879
  },
  "post  /characters" : {
    "transaction" : "post  /characters",
    "sampleCount" : 44374,
    "errorCount" : 3583,
    "errorPct" : 8.074548,
    "meanResTime" : 1391.3212466759815,
    "medianResTime" : 153.0,
    "minResTime" : 1.0,
    "maxResTime" : 32452.0,
    "pct1ResTime" : 303.0,
    "pct2ResTime" : 15575.0,
    "pct3ResTime" : 15586.0,
    "throughput" : 730.039649244032,
    "receivedKBytesPerSec" : 327.87511966236445,
    "sentKBytesPerSec" : 149.26352056187585
  },
  "put /character/id" : {
    "transaction" : "put /character/id",
    "sampleCount" : 44121,
    "errorCount" : 3428,
    "errorPct" : 7.7695427,
    "meanResTime" : 1088.456562634574,
    "medianResTime" : 155.0,
    "minResTime" : 1.0,
    "maxResTime" : 15585.0,
    "pct1ResTime" : 11759.0,
    "pct2ResTime" : 13661.0,
    "pct3ResTime" : 15575.0,
    "throughput" : 704.0435309887023,
    "receivedKBytesPerSec" : 196.43605800109307,
    "sentKBytesPerSec" : 156.8938786292446
  }
}