{
  "GET  /characters " : {
    "transaction" : "GET  /characters ",
    "sampleCount" : 48907,
    "errorCount" : 867,
    "errorPct" : 1.7727524,
    "meanResTime" : 379.072791215982,
    "medianResTime" : 81.0,
    "minResTime" : 0.0,
    "maxResTime" : 36414.0,
    "pct1ResTime" : 93.0,
    "pct2ResTime" : 97.0,
    "pct3ResTime" : 29103.99,
    "throughput" : 1273.852004271612,
    "receivedKBytesPerSec" : 166722.6954468018,
    "sentKBytesPerSec" : 196.55138347159638
  },
  "delete/character/id" : {
    "transaction" : "delete/character/id",
    "sampleCount" : 48043,
    "errorCount" : 0,
    "errorPct" : 0.0,
    "meanResTime" : 61.1048019482546,
    "medianResTime" : 81.0,
    "minResTime" : 0.0,
    "maxResTime" : 173.0,
    "pct1ResTime" : 92.0,
    "pct2ResTime" : 94.0,
    "pct3ResTime" : 117.0,
    "throughput" : 1593.8889257514434,
    "receivedKBytesPerSec" : 456.0639211378641,
    "sentKBytesPerSec" : 361.11545974056133
  },
  "GET  /characters /id" : {
    "transaction" : "GET  /characters /id",
    "sampleCount" : 48347,
    "errorCount" : 0,
    "errorPct" : 0.0,
    "meanResTime" : 61.01505781123912,
    "medianResTime" : 81.0,
    "minResTime" : 0.0,
    "maxResTime" : 173.0,
    "pct1ResTime" : 92.0,
    "pct2ResTime" : 94.0,
    "pct3ResTime" : 117.0,
    "throughput" : 1603.9213084298178,
    "receivedKBytesPerSec" : 431.32461827787546,
    "sentKBytesPerSec" : 253.74536324768602
  },
  "Total" : {
    "transaction" : "Total",
    "sampleCount" : 241972,
    "errorCount" : 867,
    "errorPct" : 0.35830593,
    "meanResTime" : 125.36527780073644,
    "medianResTime" : 91.0,
    "minResTime" : 0.0,
    "maxResTime" : 36414.0,
    "pct1ResTime" : 97.0,
    "pct2ResTime" : 116.0,
    "pct3ResTime" : 29103.99,
    "throughput" : 6302.503060453729,
    "receivedKBytesPerSec" : 168101.79213577346,
    "sentKBytesPerSec" : 1239.9288637821348
  },
  "post  /characters" : {
    "transaction" : "post  /characters",
    "sampleCount" : 48486,
    "errorCount" : 0,
    "errorPct" : 0.0,
    "meanResTime" : 61.20894691251092,
    "medianResTime" : 81.0,
    "minResTime" : 0.0,
    "maxResTime" : 186.0,
    "pct1ResTime" : 92.0,
    "pct2ResTime" : 94.0,
    "pct3ResTime" : 133.0,
    "throughput" : 1608.1592039800996,
    "receivedKBytesPerSec" : 441.3015003109453,
    "sentKBytesPerSec" : 356.49622978855723
  },
  "put /character/id" : {
    "transaction" : "put /character/id",
    "sampleCount" : 48189,
    "errorCount" : 0,
    "errorPct" : 0.0,
    "meanResTime" : 61.05634065865667,
    "medianResTime" : 81.0,
    "minResTime" : 0.0,
    "maxResTime" : 173.0,
    "pct1ResTime" : 92.0,
    "pct2ResTime" : 94.0,
    "pct3ResTime" : 118.0,
    "throughput" : 1598.679627110772,
    "receivedKBytesPerSec" : 427.77169709799955,
    "sentKBytesPerSec" : 357.51722129723316
  }
}