{
  "GET  /characters " : {
    "transaction" : "GET  /characters ",
    "sampleCount" : 11830,
    "errorCount" : 1855,
    "errorPct" : 15.680473,
    "meanResTime" : 4647.004649196951,
    "medianResTime" : 1961.0,
    "minResTime" : 303.0,
    "maxResTime" : 16023.0,
    "pct1ResTime" : 15551.0,
    "pct2ResTime" : 15554.0,
    "pct3ResTime" : 15567.070000000002,
    "throughput" : 66.46142091484174,
    "receivedKBytesPerSec" : 213827.73629083965,
    "sentKBytesPerSec" : 8.64679000957876
  },
  "delete/character/id" : {
    "transaction" : "delete/character/id",
    "sampleCount" : 9832,
    "errorCount" : 0,
    "errorPct" : 0.0,
    "meanResTime" : 14.103742880390543,
    "medianResTime" : 14.0,
    "minResTime" : 0.0,
    "maxResTime" : 79.0,
    "pct1ResTime" : 17.0,
    "pct2ResTime" : 18.0,
    "pct3ResTime" : 20.0,
    "throughput" : 56.9047343442528,
    "receivedKBytesPerSec" : 16.282311682486398,
    "sentKBytesPerSec" : 12.948049904502836
  },
  "GET  /characters /id" : {
    "transaction" : "GET  /characters /id",
    "sampleCount" : 20653,
    "errorCount" : 1115,
    "errorPct" : 5.398731,
    "meanResTime" : 663.3208250617328,
    "medianResTime" : 14.0,
    "minResTime" : 1.0,
    "maxResTime" : 15560.0,
    "pct1ResTime" : 18.0,
    "pct2ResTime" : 6277.9000000000015,
    "pct3ResTime" : 15553.0,
    "throughput" : 116.25799333513464,
    "receivedKBytesPerSec" : 39.767403006929435,
    "sentKBytesPerSec" : 17.92361158020355
  },
  "Total" : {
    "transaction" : "Total",
    "sampleCount" : 83439,
    "errorCount" : 4555,
    "errorPct" : 5.459078,
    "meanResTime" : 1173.5915339349751,
    "medianResTime" : 16.0,
    "minResTime" : 0.0,
    "maxResTime" : 16023.0,
    "pct1ResTime" : 9906.0,
    "pct2ResTime" : 15552.0,
    "pct3ResTime" : 15558.0,
    "throughput" : 467.73886135838734,
    "receivedKBytesPerSec" : 213496.4433434774,
    "sentKBytesPerSec" : 88.66550611413044
  },
  "post  /characters" : {
    "transaction" : "post  /characters",
    "sampleCount" : 21132,
    "errorCount" : 1125,
    "errorPct" : 5.32368,
    "meanResTime" : 1120.321219004352,
    "medianResTime" : 15.0,
    "minResTime" : 1.0,
    "maxResTime" : 15570.0,
    "pct1ResTime" : 21.0,
    "pct2ResTime" : 15549.0,
    "pct3ResTime" : 15557.0,
    "throughput" : 118.67576446803133,
    "receivedKBytesPerSec" : 46.885167898660605,
    "sentKBytesPerSec" : 24.907452378695982
  },
  "put /character/id" : {
    "transaction" : "put /character/id",
    "sampleCount" : 19992,
    "errorCount" : 460,
    "errorPct" : 2.3009205,
    "meanResTime" : 271.9276710684294,
    "medianResTime" : 14.0,
    "minResTime" : 0.0,
    "maxResTime" : 15563.0,
    "pct1ResTime" : 17.0,
    "pct2ResTime" : 18.0,
    "pct3ResTime" : 15555.0,
    "throughput" : 113.12683197338193,
    "receivedKBytesPerSec" : 34.33452550121094,
    "sentKBytesPerSec" : 25.018660134278697
  }
}