{
  "GET  /characters " : {
    "transaction" : "GET  /characters ",
    "sampleCount" : 127989,
    "errorCount" : 10539,
    "errorPct" : 8.234302,
    "meanResTime" : 1455.4565314206786,
    "medianResTime" : 150.0,
    "minResTime" : 3.0,
    "maxResTime" : 32249.0,
    "pct1ResTime" : 15557.0,
    "pct2ResTime" : 15563.0,
    "pct3ResTime" : 21290.0,
    "throughput" : 683.9247831825542,
    "receivedKBytesPerSec" : 243297.68307143185,
    "sentKBytesPerSec" : 97.59820073581669
  },
  "delete/character/id" : {
    "transaction" : "delete/character/id",
    "sampleCount" : 124298,
    "errorCount" : 7535,
    "errorPct" : 6.0620446,
    "meanResTime" : 994.804236592708,
    "medianResTime" : 141.0,
    "minResTime" : 1.0,
    "maxResTime" : 35048.0,
    "pct1ResTime" : 15557.0,
    "pct2ResTime" : 15562.0,
    "pct3ResTime" : 15638.0,
    "throughput" : 664.4500157695823,
    "receivedKBytesPerSec" : 265.5799746266752,
    "sentKBytesPerSec" : 142.91511838546205
  },
  "GET  /characters /id" : {
    "transaction" : "GET  /characters /id",
    "sampleCount" : 124915,
    "errorCount" : 7499,
    "errorPct" : 6.003282,
    "meanResTime" : 1063.5110995476914,
    "medianResTime" : 138.0,
    "minResTime" : 1.0,
    "maxResTime" : 35034.0,
    "pct1ResTime" : 184.0,
    "pct2ResTime" : 238.95000000000073,
    "pct3ResTime" : 15560.0,
    "throughput" : 667.6519006285542,
    "receivedKBytesPerSec" : 264.10035030479,
    "sentKBytesPerSec" : 99.70346314525698
  },
  "Total" : {
    "transaction" : "Total",
    "sampleCount" : 629244,
    "errorCount" : 43082,
    "errorPct" : 6.8466287,
    "meanResTime" : 1153.4353891335813,
    "medianResTime" : 146.0,
    "minResTime" : 0.0,
    "maxResTime" : 35048.0,
    "pct1ResTime" : 7831.0,
    "pct2ResTime" : 11720.0,
    "pct3ResTime" : 25070.0,
    "throughput" : 3362.4418213199815,
    "receivedKBytesPerSec" : 244360.27190392234,
    "sentKBytesPerSec" : 623.4144838111644
  },
  "post  /characters" : {
    "transaction" : "post  /characters",
    "sampleCount" : 127437,
    "errorCount" : 9980,
    "errorPct" : 7.831321,
    "meanResTime" : 1213.7867887661944,
    "medianResTime" : 145.0,
    "minResTime" : 0.0,
    "maxResTime" : 35035.0,
    "pct1ResTime" : 7780.0,
    "pct2ResTime" : 7862.0,
    "pct3ResTime" : 15558.0,
    "throughput" : 681.5505318722223,
    "receivedKBytesPerSec" : 274.36237254721067,
    "sentKBytesPerSec" : 142.47864651856338
  },
  "put /character/id" : {
    "transaction" : "put /character/id",
    "sampleCount" : 124605,
    "errorCount" : 7529,
    "errorPct" : 6.0422935,
    "meanResTime" : 1029.8772842181552,
    "medianResTime" : 139.0,
    "minResTime" : 1.0,
    "maxResTime" : 35034.0,
    "pct1ResTime" : 180.0,
    "pct2ResTime" : 211.0,
    "pct3ResTime" : 15560.0,
    "throughput" : 665.9914375965408,
    "receivedKBytesPerSec" : 258.9959290000641,
    "sentKBytesPerSec" : 140.94734908563473
  }
}