{
  "GET  /characters " : {
    "transaction" : "GET  /characters ",
    "sampleCount" : 20000,
    "errorCount" : 0,
    "errorPct" : 0.0,
    "meanResTime" : 316.9897999999993,
    "medianResTime" : 12.0,
    "minResTime" : 0.0,
    "maxResTime" : 3990.0,
    "pct1ResTime" : 1171.0,
    "pct2ResTime" : 2098.0,
    "pct3ResTime" : 3962.0,
    "throughput" : 3336.6700033366697,
    "receivedKBytesPerSec" : 18420.016370537203,
    "sentKBytesPerSec" : 514.8377544210878
  },
  "delete/character/id" : {
    "transaction" : "delete/character/id",
    "sampleCount" : 20000,
    "errorCount" : 0,
    "errorPct" : 0.0,
    "meanResTime" : 11.355099999999988,
    "medianResTime" : 5.0,
    "minResTime" : 0.0,
    "maxResTime" : 156.0,
    "pct1ResTime" : 32.0,
    "pct2ResTime" : 48.0,
    "pct3ResTime" : 62.0,
    "throughput" : 3370.407819346141,
    "receivedKBytesPerSec" : 964.3842686215032,
    "sentKBytesPerSec" : 758.8186852249747
  },
  "GET  /characters /id" : {
    "transaction" : "GET  /characters /id",
    "sampleCount" : 20000,
    "errorCount" : 0,
    "errorPct" : 0.0,
    "meanResTime" : 11.78990000000012,
    "medianResTime" : 4.0,
    "minResTime" : 0.0,
    "maxResTime" : 170.0,
    "pct1ResTime" : 36.0,
    "pct2ResTime" : 52.0,
    "pct3ResTime" : 71.0,
    "throughput" : 3368.7047330301502,
    "receivedKBytesPerSec" : 901.6624426267475,
    "sentKBytesPerSec" : 528.1526997010275
  },
  "Total" : {
    "transaction" : "Total",
    "sampleCount" : 100000,
    "errorCount" : 0,
    "errorPct" : 0.0,
    "meanResTime" : 72.58576999999968,
    "medianResTime" : 1.0,
    "minResTime" : 0.0,
    "maxResTime" : 3990.0,
    "pct1ResTime" : 5.0,
    "pct2ResTime" : 9.0,
    "pct3ResTime" : 3962.0,
    "throughput" : 16680.567139282735,
    "receivedKBytesPerSec" : 22063.12063438282,
    "sentKBytesPerSec" : 3269.7648430984154
  },
  "post  /characters" : {
    "transaction" : "post  /characters",
    "sampleCount" : 20000,
    "errorCount" : 0,
    "errorPct" : 0.0,
    "meanResTime" : 11.950150000000132,
    "medianResTime" : 4.0,
    "minResTime" : 0.0,
    "maxResTime" : 158.0,
    "pct1ResTime" : 36.0,
    "pct2ResTime" : 48.0,
    "pct3ResTime" : 71.0,
    "throughput" : 3348.961821835231,
    "receivedKBytesPerSec" : 914.2433570202611,
    "sentKBytesPerSec" : 742.3968101138646
  },
  "put /character/id" : {
    "transaction" : "put /character/id",
    "sampleCount" : 20000,
    "errorCount" : 0,
    "errorPct" : 0.0,
    "meanResTime" : 10.843899999999952,
    "medianResTime" : 4.0,
    "minResTime" : 0.0,
    "maxResTime" : 180.0,
    "pct1ResTime" : 31.0,
    "pct2ResTime" : 46.0,
    "pct3ResTime" : 62.0,
    "throughput" : 3369.272237196765,
    "receivedKBytesPerSec" : 896.7558251558288,
    "sentKBytesPerSec" : 748.6921037946429
  }
}