{
  "GET  /characters " : {
    "transaction" : "GET  /characters ",
    "sampleCount" : 5419,
    "errorCount" : 9,
    "errorPct" : 0.16608231,
    "meanResTime" : 4506.731131205016,
    "medianResTime" : 2800.0,
    "minResTime" : 25.0,
    "maxResTime" : 19376.0,
    "pct1ResTime" : 11107.0,
    "pct2ResTime" : 12180.0,
    "pct3ResTime" : 18054.0,
    "throughput" : 28.677875328771545,
    "receivedKBytesPerSec" : 187915.7612115562,
    "sentKBytesPerSec" : 4.417557558173379
  },
  "delete/character/id" : {
    "transaction" : "delete/character/id",
    "sampleCount" : 4043,
    "errorCount" : 0,
    "errorPct" : 0.0,
    "meanResTime" : 26.631214444719262,
    "medianResTime" : 26.0,
    "minResTime" : 1.0,
    "maxResTime" : 53.0,
    "pct1ResTime" : 31.0,
    "pct2ResTime" : 32.0,
    "pct3ResTime" : 34.0,
    "throughput" : 21.441109867789546,
    "receivedKBytesPerSec" : 6.135005069592126,
    "sentKBytesPerSec" : 4.899628622131596
  },
  "GET  /characters /id" : {
    "transaction" : "GET  /characters /id",
    "sampleCount" : 8253,
    "errorCount" : 0,
    "errorPct" : 0.0,
    "meanResTime" : 26.691384950926818,
    "medianResTime" : 27.0,
    "minResTime" : 1.0,
    "maxResTime" : 54.0,
    "pct1ResTime" : 31.0,
    "pct2ResTime" : 32.0,
    "pct3ResTime" : 35.0,
    "throughput" : 43.7284417669406,
    "receivedKBytesPerSec" : 11.849484042933668,
    "sentKBytesPerSec" : 7.00338325173658
  },
  "Total" : {
    "transaction" : "Total",
    "sampleCount" : 34195,
    "errorCount" : 9,
    "errorPct" : 0.026319638,
    "meanResTime" : 737.0775551981311,
    "medianResTime" : 28.0,
    "minResTime" : 0.0,
    "maxResTime" : 19376.0,
    "pct1ResTime" : 2652.0,
    "pct2ResTime" : 3394.800000000003,
    "pct3ResTime" : 11206.980000000003,
    "throughput" : 180.95943693276533,
    "receivedKBytesPerSec" : 187953.54618311426,
    "sentKBytesPerSec" : 35.80407375373746
  },
  "post  /characters" : {
    "transaction" : "post  /characters",
    "sampleCount" : 8280,
    "errorCount" : 0,
    "errorPct" : 0.0,
    "meanResTime" : 28.69939613526575,
    "medianResTime" : 27.0,
    "minResTime" : 0.0,
    "maxResTime" : 2839.0,
    "pct1ResTime" : 33.0,
    "pct2ResTime" : 35.0,
    "pct3ResTime" : 39.0,
    "throughput" : 43.86336667231734,
    "receivedKBytesPerSec" : 12.122395281509577,
    "sentKBytesPerSec" : 9.723617416617223
  },
  "put /character/id" : {
    "transaction" : "put /character/id",
    "sampleCount" : 8200,
    "errorCount" : 0,
    "errorPct" : 0.0,
    "meanResTime" : 26.43975609756099,
    "medianResTime" : 26.0,
    "minResTime" : 1.0,
    "maxResTime" : 53.0,
    "pct1ResTime" : 31.0,
    "pct2ResTime" : 32.0,
    "pct3ResTime" : 34.0,
    "throughput" : 43.45061466723188,
    "receivedKBytesPerSec" : 11.711298484527342,
    "sentKBytesPerSec" : 9.801847644658753
  }
}