{
  "GET  /characters " : {
    "transaction" : "GET  /characters ",
    "sampleCount" : 38452,
    "errorCount" : 0,
    "errorPct" : 0.0,
    "meanResTime" : 1059.6225423905075,
    "medianResTime" : 1176.0,
    "minResTime" : 20.0,
    "maxResTime" : 2453.0,
    "pct1ResTime" : 2148.0,
    "pct2ResTime" : 2165.0,
    "pct3ResTime" : 2196.0,
    "throughput" : 32.976174345270465,
    "receivedKBytesPerSec" : 185802.22815212942,
    "sentKBytesPerSec" : 5.088120650930403
  },
  "delete/character/id" : {
    "transaction" : "delete/character/id",
    "sampleCount" : 38256,
    "errorCount" : 0,
    "errorPct" : 0.0,
    "meanResTime" : 19.647061898787072,
    "medianResTime" : 21.0,
    "minResTime" : 0.0,
    "maxResTime" : 107.0,
    "pct1ResTime" : 25.0,
    "pct2ResTime" : 25.0,
    "pct3ResTime" : 27.0,
    "throughput" : 32.81095619716764,
    "receivedKBytesPerSec" : 9.388291177509881,
    "sentKBytesPerSec" : 7.497816162243386
  },
  "GET  /characters /id" : {
    "transaction" : "GET  /characters /id",
    "sampleCount" : 76559,
    "errorCount" : 0,
    "errorPct" : 0.0,
    "meanResTime" : 19.56353923118121,
    "medianResTime" : 22.0,
    "minResTime" : 0.0,
    "maxResTime" : 114.0,
    "pct1ResTime" : 25.0,
    "pct2ResTime" : 25.0,
    "pct3ResTime" : 27.0,
    "throughput" : 65.66177227349138,
    "receivedKBytesPerSec" : 17.80074701051065,
    "sentKBytesPerSec" : 10.516143215676353
  },
  "Total" : {
    "transaction" : "Total",
    "sampleCount" : 306382,
    "errorCount" : 0,
    "errorPct" : 0.0,
    "meanResTime" : 150.1440228211853,
    "medianResTime" : 23.0,
    "minResTime" : 0.0,
    "maxResTime" : 2453.0,
    "pct1ResTime" : 1742.0,
    "pct2ResTime" : 2156.0,
    "pct3ResTime" : 2181.0,
    "throughput" : 262.75112473350293,
    "receivedKBytesPerSec" : 185865.25606272844,
    "sentKBytesPerSec" : 52.46585201162424
  },
  "post  /characters" : {
    "transaction" : "post  /characters",
    "sampleCount" : 76568,
    "errorCount" : 0,
    "errorPct" : 0.0,
    "meanResTime" : 19.751371330059385,
    "medianResTime" : 22.0,
    "minResTime" : 0.0,
    "maxResTime" : 118.0,
    "pct1ResTime" : 26.0,
    "pct2ResTime" : 27.0,
    "pct3ResTime" : 29.0,
    "throughput" : 65.6673510589212,
    "receivedKBytesPerSec" : 18.148301122729197,
    "sentKBytesPerSec" : 14.557117861694445
  },
  "put /character/id" : {
    "transaction" : "put /character/id",
    "sampleCount" : 76547,
    "errorCount" : 0,
    "errorPct" : 0.0,
    "meanResTime" : 19.53197382000606,
    "medianResTime" : 22.0,
    "minResTime" : 0.0,
    "maxResTime" : 114.0,
    "pct1ResTime" : 25.0,
    "pct2ResTime" : 26.0,
    "pct3ResTime" : 27.0,
    "throughput" : 65.65024159892693,
    "receivedKBytesPerSec" : 17.69479168096077,
    "sentKBytesPerSec" : 14.809771298195427
  }
}